title,location,price,area_sqft,price_per_sqft
"Residential Land / Plot in Sangareddy, Hyderabad",Sangareddy,3200000,2250,1422
"Residential Land / Plot in Sadashivpet, Hyderabad",Sadashivpet,4400000,3600,1222
"Residential Land / Plot in Aroor, Hyderabad",Aroor,3600000,1476,2439
"Residential Land / Plot in Kompally, Hyderabad",Kompally,4500000,1350,3333
"Residential Land / Plot in Keesara, Hyderabad",Keesara,2900000,1980,1444
"Residential Land / Plot in Shadnagar, Hyderabad",Shadnagar,2400000,1323,1778
"Residential Land / Plot in Adibatla, Hyderabad",Adibatla,3200000,1620,2000
"Residential Land / Plot in Nandi Kandi, Hyderabad",Nandi Kandi,4800000,1980,2444
"Residential Land / Plot in Sadashivpet, Hyderabad",Sadashivpet,3000000,1800,1667
"Residential Land / Plot in Shankarpalle Rangareddy, Hyderabad",Shankarpalle Rangareddy,13000000,9000,1444
"Residential Land / Plot in Lingareddyguda Shadnagar, Hyderabad",Lingareddyguda Shadnagar,4000000,1800,2222
"Residential Land / Plot in Gundlapochampally, Outer Ring Road, Hyderabad",Gundlapochampally,13900000,2637,5271
"Residential Land / Plot in Timmapur, Hyderabad",Timmapur,30000000,7200,4167
"Residential Land / Plot in Tukkuguda, Srisailam Highway, Hyderabad",Tukkuguda,6600000,1629,4052
"Residential Land / Plot in Tukkuguda, Srisailam Highway, Hyderabad",Tukkuguda,8800000,3159,2770
"Residential Land / Plot in Maheswaram Lines, Chandrayangutta, Srisailam Highway, Hyderabad",Maheswaram Lines,1600000,1008,1587
"Residential Land / Plot in Lakudaram, Hyderabad",Lakudaram,3000000,1647,1821
"Residential Land / Plot in Shadnagar Bypass Road, Hyderabad",Shadnagar Bypass Road,3800000,1350,2778
"Residential Land / Plot in Srisailam Highway, Hyderabad",Srisailam Highway,4000000,1800,2222
"Residential Land / Plot in Zahirabad, Hyderabad",Zahirabad,2200000,1575,1381
"Residential Land / Plot in Appa Junction Area, Hyderabad",Appa Junction Area,61200000,5004,12222
"Residential Land / Plot in Alair, Hyderabad",Alair,2000000,1485,1333
"Residential Land / Plot in Dulapally, Hyderabad",Dulapally,35700000,2925,12222
"Residential Land / Plot in Farooqnagar, Hyderabad",Farooqnagar,5000000,1737,2879
"Residential Land / Plot in Shadnagar, Hyderabad",Shadnagar,2800000,1503,1889
"Residential Land / Plot in Shankarpalle, Hyderabad",Shankarpalle,17100000,4050,4227
Plot/Land for Sale in Sadashivpet Hyderabad,Sadashivpet Hyderabad,3200000,1800,1778
Plot/Land for Sale in Shadnagar Hyderabad,Shadnagar Hyderabad,4500000,1980,2297
Plot/Land for Sale in Adibatla Hyderabad,Adibatla Hyderabad,4200000,1503,2778
Plot/Land for Sale in Yacharam Hyderabad,Yacharam Hyderabad,6100000,3240,1889
Plot/Land for Sale in Sadashivpet Hyderabad,Sadashivpet Hyderabad,3000000,1485,2020
Plot/Land for Sale in Shadnagar Hyderabad,Shadnagar Hyderabad,3700000,1800,2055
Plot/Land for Sale in Chalapathi paradise Hyderabad,Chalapathi paradise Hyderabad,3600000,1800,2000
Plot/Land for Sale in Ravindra Nagar Habsiguda Hyderabad,Ravindra Nagar Habsiguda Hyderabad,55000000,5580,9857
Plot/Land for Sale in Majidpur Road Hyderabad,Majidpur Road Hyderabad,3000000,1800,1667
Plot/Land for Sale in Mumbai Highway Hyderabad,Mumbai Highway Hyderabad,3700000,1800,2056
Plot/Land for Sale in Nandigaon Hyderabad,Nandigaon Hyderabad,6000000,1800,3333
Plot/Land for Sale in Himayatnagar Moinabad Hyderabad,Himayatnagar Moinabad Hyderabad,22400000,7200,3111
Plot/Land for Sale in Shadnagar Hyderabad,Shadnagar Hyderabad,2500000,1314,1903
Plot/Land for Sale in Shadnagar Hyderabad,Shadnagar Hyderabad,2600000,1800,1444
"Plot/Land for Sale in Isnapur, Outer Ring Road Hyderabad",Isnapur,12500000,2403,5202
Plot/Land for Sale in Adibatla Hyderabad,Adibatla Hyderabad,2400000,1467,1667
Plot/Land for Sale in Shamshabad Hyderabad,Shamshabad Hyderabad,21000000,2313,9079
Plot/Land for Sale in Sangareddy Hyderabad,Sangareddy Hyderabad,3200000,1485,2155
Plot/Land for Sale in Shamirpet Hyderabad,Shamirpet Hyderabad,8000000,1800,4444
Plot/Land for Sale in Sangareddy Hyderabad,Sangareddy Hyderabad,6000000,2250,2667
Plot/Land for Sale in Kandukur Hyderabad,Kandukur Hyderabad,14000000,4500,3111
Plot/Land for Sale in Shadnagar Hyderabad,Shadnagar Hyderabad,2000000,1197,1671
Plot/Land for Sale in Keshampet Hyderabad,Keshampet Hyderabad,1900000,1323,1436
Plot/Land for Sale in Korremula Hyderabad,Korremula Hyderabad,10700000,2403,4453
Plot/Land for Sale in Sadashivpet Hyderabad,Sadashivpet Hyderabad,3400000,1800,1889
Plot/Land for Sale in Chennaram Hyderabad,Chennaram Hyderabad,2000000,1638,1248
Plot/Land for Sale in Lakdaram Hyderabad,Lakdaram Hyderabad,11200000,3600,3111
"Plot/Land for Sale in TPS Colony, Secunderabad Hyderabad",TPS Colony,8500000,2404,3536
Plot/Land for Sale in Sangareddy Hyderabad,Sangareddy Hyderabad,3200000,1467,2167
Plot/Land for Sale in Sangareddy Hyderabad,Sangareddy Hyderabad,3600000,1647,2186
Plot/Land for Sale in Kadthal Hyderabad,Kadthal Hyderabad,2500000,1908,1310
Plot/Land for Sale in Mirzapur Zaheerabad Hyderabad,Mirzapur Zaheerabad Hyderabad,2400000,1503,1611
Plot/Land for Sale in Kandi Hyderabad,Kandi Hyderabad,4000000,1503,2667
Plot/Land for Sale in Bhanur Hyderabad,Bhanur Hyderabad,11000000,3429,3208
Plot/Land for Sale in Adibatla Hyderabad,Adibatla Hyderabad,5400000,1350,4000
"Plot/Land for Sale in Annaram, Nagole Hyderabad",Annaram,3000000,1800,1667
Plot/Land for Sale in Maheshwaram Hyderabad,Maheshwaram Hyderabad,23300000,3492,6667
"Plot/Land for Sale in Aushapur, NH 2 2 Hyderabad",Aushapur,3100000,2160,1444
"Plot/Land for Sale in Tukkuguda, Srisailam Highway Hyderabad",Tukkuguda,16900000,3915,4317
Plot/Land for Sale in Nandigama Kothur Hyderabad,Nandigama Kothur Hyderabad,8000000,3204,2497
Plot/Land for Sale in Maheshwaram Hyderabad,Maheshwaram Hyderabad,4800000,2403,2000
Plot/Land for Sale in Sangareddy Hyderabad,Sangareddy Hyderabad,6600000,2583,2555
Plot/Land for Sale in Alwal Hyderabad,Alwal Hyderabad,28000000,3150,8889
Plot/Land for Sale in Gajularamaram Hyderabad,Gajularamaram Hyderabad,14800000,1800,8222
Plot/Land for Sale in Ibrahimpatnam Hyderabad,Ibrahimpatnam Hyderabad,4000000,1800,2222
Plot/Land for Sale in Shankarpally Road Hyderabad,Shankarpally Road Hyderabad,5300000,1980,2677
Plot/Land for Sale in Kadthal Hyderabad,Kadthal Hyderabad,5000000,2250,2222
Plot/Land for Sale in Choutuppal Hyderabad,Choutuppal Hyderabad,3800000,2160,1759
Plot/Land for Sale in Kondakal Shankarpally Road Hyderabad,Kondakal Shankarpally Road Hyderabad,8000000,2151,3719
"Plot/Land for Sale in Bolarum, Medchal Road Hyderabad",Bolarum,9300000,1197,7746
Plot/Land for Sale in Dammaiguda Hyderabad,Dammaiguda Hyderabad,14000000,3600,3889
Plot/Land for Sale in Ameerpet Hyderabad,Ameerpet Hyderabad,6500000,2403,2705
"Plot/Land for Sale in Rudraram, NH 9 Hyderabad",Rudraram,5300000,1800,2944
Plot/Land for Sale in Mettakanigudem Hyderabad,Mettakanigudem Hyderabad,17700000,2376,7449
Plot/Land for Sale in Rangapur Shadnagar Hyderabad,Rangapur Shadnagar Hyderabad,3600000,2640,1364
"Plot/Land for Sale in Kothur, NH 7 Hyderabad",Kothur,1500000,1098,1366
Plot/Land for Sale in SriSialam Highway Hyderabad,SriSialam Highway Hyderabad,7400000,5760,1278
"Plot/Land for Sale in Moinabad, Chevella Road Hyderabad",Moinabad,36000000,7200,5000
Plot/Land for Sale in Kadthal Hyderabad,Kadthal Hyderabad,1600000,1350,1222
Plot/Land for Sale in Sadashivpet Hyderabad,Sadashivpet Hyderabad,2200000,1305,1686
Plot/Land for Sale in Farooqnagar Hyderabad,Farooqnagar Hyderabad,2500000,1800,1389
Plot/Land for Sale in Pocharam Patancheruvu Hyderabad,Pocharam Patancheruvu Hyderabad,9000000,1800,5000
"Plot/Land for Sale in TPS Colony, Secunderabad Hyderabad",TPS Colony,9100000,2400,3782
Plot/Land for Sale in Cherlapalli Hyderabad,Cherlapalli Hyderabad,6500000,1350,4778
"Plot/Land for Sale in Kothur, NH 7 Hyderabad",Kothur,5200000,1800,2889
Plot/Land for Sale in Meerkhanpet Hyderabad,Meerkhanpet Hyderabad,3600000,1800,2000
Plot/Land for Sale in Mokila Hyderabad,Mokila Hyderabad,15900000,2403,6627
Plot/Land for Sale in Kongara Kalan Hyderabad,Kongara Kalan Hyderabad,5000000,1494,3333
Plot/Land for Sale in Sadashivpet Hyderabad,Sadashivpet Hyderabad,2400000,1350,1778
Plot/Land for Sale in Adibatla Hyderabad,Adibatla Hyderabad,4500000,1350,3333
Plot/Land for Sale in Kandukur Hyderabad,Kandukur Hyderabad,4500000,1350,3333
Plot/Land for Sale in Pocharam Patancheruvu Hyderabad,Pocharam Patancheruvu Hyderabad,6600000,1422,4667
Plot/Land for Sale in Narepally Hyderabad,Narepally Hyderabad,13800000,2835,4868
Plot/Land for Sale in Shankarpalle Hyderabad,Shankarpalle Hyderabad,5600000,1800,3111
Plot/Land for Sale in Pati Hyderabad,Pati Hyderabad,12500000,2700,4630
Plot/Land for Sale in Srisailam Highway Hyderabad,Srisailam Highway Hyderabad,4000000,1800,2222
"Plot/Land for Sale in Chilkur Balaji Temple Road, Chevella Road Hyderabad",Chilkur Balaji Temple Road,7000000,2200,3182
"Plot/Land for Sale in Kothur, NH 7 Hyderabad",Kothur,2500000,1854,1348
Plot/Land for Sale in Yadagirigutta Hyderabad,Yadagirigutta Hyderabad,4800000,2700,1778
Plot/Land for Sale in Athvelly Hyderabad,Athvelly Hyderabad,16800000,3303,5086
Plot/Land for Sale in Budhera Hyderabad,Budhera Hyderabad,2500000,1800,1389
Plot/Land for Sale in Shankarpalle Hyderabad,Shankarpalle Hyderabad,3600000,1800,2000
Plot/Land for Sale in Old Alwal Hyderabad,Old Alwal Hyderabad,8000000,1080,7407
Plot/Land for Sale in Shamshabad Hyderabad,Shamshabad Hyderabad,14000000,10800,1296
"Plot/Land for Sale in Chilkur Balaji Temple Road, Chevella Road Hyderabad",Chilkur Balaji Temple Road,5000000,2997,1667
Plot/Land for Sale in Jubilee Hills Hyderabad,Jubilee Hills Hyderabad,80000000,3600,22222
"Plot/Land for Sale in Kothur, NH 7 Hyderabad",Kothur,2600000,1215,2111
Plot/Land for Sale in Sangyam Hyderabad,Sangyam Hyderabad,2500000,1485,1684
Plot/Land for Sale in Ankushapur Hyderabad,Ankushapur Hyderabad,3300000,2700,1222
"Plot/Land for Sale in Raviryal, Outer Ring Road Hyderabad",Raviryal,6000000,1800,3333
Plot/Land for Sale in Budhera Hyderabad,Budhera Hyderabad,7500000,6552,1145
Plot/Land for Sale in Kandwada Village Road Hyderabad,Kandwada Village Road Hyderabad,4500000,2700,1667
Plot/Land for Sale in Nandigaon Hyderabad,Nandigaon Hyderabad,2500000,2160,1157
Plot/Land for Sale in Medchal Hyderabad,Medchal Hyderabad,4400000,1800,2444
Plot/Land for Sale in Shankarpalli Hyderabad Road Hyderabad,Shankarpalli Hyderabad Road Hyderabad,4000000,1620,2444
Plot/Land for Sale in Shankarpalli Mominpet Road Hyderabad,Shankarpalli Mominpet Road Hyderabad,3600000,2250,1600
Plot/Land for Sale in Gurram Guda Hyderabad,Gurram Guda Hyderabad,6000000,1548,3876
Plot/Land for Sale in Kondapur Hyderabad,Kondapur Hyderabad,8100000,1953,4163
Plot/Land for Sale in Jillelagadda Hyderabad,Jillelagadda Hyderabad,19900000,2484,8000
Plot/Land for Sale in Pochampalle Hyderabad,Pochampalle Hyderabad,3000000,2700,1111
Plot/Land for Sale in Kapra Hyderabad,Kapra Hyderabad,14000000,2142,6536
"Plot/Land for Sale in Isnapur, Outer Ring Road Hyderabad",Isnapur,8000000,1800,4444
Plot/Land for Sale in Railapur Hyderabad,Railapur Hyderabad,6000000,1800,3333
"Plot/Land for Sale in Rudraram, NH 9 Hyderabad",Rudraram,3400000,1800,1889
"Plot/Land for Sale in Gundlapochampally, Outer Ring Road Hyderabad",Gundlapochampally,12000000,1800,6667
"Plot/Land for Sale in Dundigal, Outer Ring Road Hyderabad",Dundigal,12000000,3600,3333
Plot/Land for Sale in Maheshwaram Hyderabad,Maheshwaram Hyderabad,3600000,1350,2667
Plot/Land for Sale in Shankarpalle Hyderabad,Shankarpalle Hyderabad,3800000,1800,2111
Plot/Land for Sale in Bhuvanagiri Hyderabad,Bhuvanagiri Hyderabad,3200000,1800,1778
"Plot/Land for Sale in Kollur, Outer Ring Road Hyderabad",Kollur,20000000,2403,8333
Plot/Land for Sale in Pulumamidi Hyderabad,Pulumamidi Hyderabad,2400000,2178,1111
Plot/Land for Sale in Shamirpet Hyderabad,Shamirpet Hyderabad,8300000,2142,3875
"Plot/Land for Sale in Kothur, NH 7 Hyderabad",Kothur,3700000,1494,2444
Plot/Land for Sale in Shadnagar Hyderabad,Shadnagar Hyderabad,4900000,1998,2444
"Plot/Land for Sale in Kollur, Outer Ring Road Hyderabad",Kollur,6200000,1350,4556
"Plot/Land for Sale in Kollur, Outer Ring Road Hyderabad",Kollur,13300000,2403,5535
Plot/Land for Sale in Shadnagar Hyderabad,Shadnagar Hyderabad,5100000,1980,2556
Plot/Land for Sale in Sangareddy Hyderabad,Sangareddy Hyderabad,2400000,1647,1444
Plot/Land for Sale in Choutapally Hyderabad,Choutapally Hyderabad,3000000,1503,1963
Plot/Land for Sale in Athvelly Hyderabad,Athvelly Hyderabad,11200000,2403,4661
Plot/Land for Sale in Nandigaon Hyderabad,Nandigaon Hyderabad,4700000,2403,1956
Plot/Land for Sale in Lalgadi Malakpet Hyderabad,Lalgadi Malakpet Hyderabad,18000000,10500,1714
Plot/Land for Sale in Talakondapalle Hyderabad,Talakondapalle Hyderabad,1800000,1485,1212
Plot/Land for Sale in nandhi Kandi Hyderabad,nandhi Kandi Hyderabad,3100000,1485,2088
Plot/Land for Sale in Adibatla Hyderabad,Adibatla Hyderabad,4800000,1674,2889
Plot/Land for Sale in Maheshwaram Hyderabad,Maheshwaram Hyderabad,4500000,1629,2778
Plot/Land for Sale in Shamirpet Hyderabad,Shamirpet Hyderabad,7500000,4779,1569
Plot/Land for Sale in Sangareddy Hyderabad,Sangareddy Hyderabad,2900000,1323,2167
"Plot/Land for Sale in Bongloor, Outer Ring Road Hyderabad",Bongloor,4800000,1620,2963
Plot/Land for Sale in Nandigaon Hyderabad,Nandigaon Hyderabad,5600000,1647,3400
Plot/Land for Sale in Yacharam Hyderabad,Yacharam Hyderabad,1500000,1485,1010
Plot/Land for Sale in Digwal Hyderabad,Digwal Hyderabad,3200000,1800,1778
Plot/Land for Sale in Agapally Hyderabad,Agapally Hyderabad,4000000,1800,2222
Plot/Land for Sale in Mangalpally Hyderabad,Mangalpally Hyderabad,15000000,7200,2083
Plot/Land for Sale in Patancheruvu Hyderabad,Patancheruvu Hyderabad,11400000,2700,4222
Plot/Land for Sale in Machanpalle Shabad Hyderabad,Machanpalle Shabad Hyderabad,8100000,2700,3000
"Plot/Land for Sale in Manasa Hills, Rajendra Nagar Hyderabad",Manasa Hills,27000000,2700,10000
Plot/Land for Sale in sulthanpur jntu Hyderabad,sulthanpur jntu Hyderabad,2500000,1323,1889
Plot/Land for Sale in Kadthal Hyderabad,Kadthal Hyderabad,2500000,1980,1263
Plot/Land for Sale in Kadthal Hyderabad,Kadthal Hyderabad,6000000,4500,1333
Plot/Land for Sale in Srisailam Highway Hyderabad,Srisailam Highway Hyderabad,2800000,1800,1556
Plot/Land for Sale in Yadagirigutta Hyderabad,Yadagirigutta Hyderabad,1800000,1350,1333
"Plot/Land for Sale in Ghatkesar, NH 2 2 Hyderabad",Ghatkesar,2700000,1620,1667
Plot/Land for Sale in Kongara Kalan Hyderabad,Kongara Kalan Hyderabad,3600000,1350,2667
Plot/Land for Sale in Gundlapochampalli Hyderabad,Gundlapochampalli Hyderabad,8500000,1350,6296
"Plot/Land for Sale in Gundlapochampally, Outer Ring Road Hyderabad",Gundlapochampally,16100000,2124,7580
"Plot/Land for Sale in Kothur, NH 7 Hyderabad",Kothur,4000000,1998,2002
Plot/Land for Sale in Toopranpet Hyderabad,Toopranpet Hyderabad,2700000,2394,1128
Plot/Land for Sale in Srisailam Highway Hyderabad,Srisailam Highway Hyderabad,7000000,3600,1944
Plot/Land for Sale in Sadashivpet Hyderabad,Sadashivpet Hyderabad,3500000,2277,1537
Plot/Land for Sale in Turkayamjal Hyderabad,Turkayamjal Hyderabad,5700000,1467,3885
Plot/Land for Sale in Shadnagar Hyderabad,Shadnagar Hyderabad,3000000,1800,1667
Plot/Land for Sale in Mirkhanpet Hyderabad,Mirkhanpet Hyderabad,3500000,1800,1944
Plot/Land for Sale in Nandigaon Hyderabad,Nandigaon Hyderabad,9200000,1800,5111
"Plot/Land for Sale in Kothur, NH 7 Hyderabad",Kothur,3500000,1647,2125
Plot/Land for Sale in Shamirpet Hyderabad,Shamirpet Hyderabad,1500000,1350,1111
Plot/Land for Sale in Agapally Hyderabad,Agapally Hyderabad,3800000,1800,2111
Plot/Land for Sale in Shadnagar Hyderabad,Shadnagar Hyderabad,3100000,1350,2333
Plot/Land for Sale in Keesara Daira Hyderabad,Keesara Daira Hyderabad,6500000,2340,2778
Plot/Land for Sale in Gachibowli Hyderabad,Gachibowli Hyderabad,17900000,3420,5227
Plot/Land for Sale in Rajendranagar Mandal Hyderabad,Rajendranagar Mandal Hyderabad,61900000,3375,18333
Plot/Land for Sale in Dr Raos Prakruthivanam Hyderabad,Dr Raos Prakruthivanam Hyderabad,2200000,1818,1210
Plot/Land for Sale in Sheriguda Hyderabad,Sheriguda Hyderabad,3800000,1350,2778
Plot/Land for Sale in Tirumalagiri Hyderabad,Tirumalagiri Hyderabad,37700000,3600,10472
"Plot/Land for Sale in Kokapet, Outer Ring Road Hyderabad",Kokapet,82800000,4518,18333
Plot/Land for Sale in Sadashivpet Hyderabad,Sadashivpet Hyderabad,2900000,1350,2148
Plot/Land for Sale in Shankarpalle Hyderabad,Shankarpalle Hyderabad,7000000,1800,3889
Plot/Land for Sale in Shadnagar Hyderabad,Shadnagar Hyderabad,1400000,1320,1058
Plot/Land for Sale in Kongara Kalan Hyderabad,Kongara Kalan Hyderabad,3600000,1170,3077
Plot/Land for Sale in Srisailam Highway Hyderabad,Srisailam Highway Hyderabad,3900000,1800,2194
Plot/Land for Sale in Lemoor Hyderabad,Lemoor Hyderabad,7300000,3375,2167
Plot/Land for Sale in Kundanpally Hyderabad,Kundanpally Hyderabad,22400000,7200,3111
Plot/Land for Sale in Kompally Hyderabad,Kompally Hyderabad,28000000,2700,10370
Plot/Land for Sale in Kongara Kalan Hyderabad,Kongara Kalan Hyderabad,2400000,1800,1333
Plot/Land for Sale in Mokila Hyderabad,Mokila Hyderabad,22200000,1998,11111
"Plot/Land for Sale in Gundlapochampally, Outer Ring Road Hyderabad",Gundlapochampally,15800000,2367,6667
Plot/Land for Sale in Sadashivpet Hyderabad,Sadashivpet Hyderabad,2900000,1323,2192
Plot/Land for Sale in Shankarpalle Rangareddy Hyderabad,Shankarpalle Rangareddy Hyderabad,7000000,1800,3889
Plot/Land for Sale in Korremula Hyderabad,Korremula Hyderabad,6500000,1467,4444
Plot/Land for Sale in Adibatla Hyderabad,Adibatla Hyderabad,5000000,1800,2778
Plot/Land for Sale in Maheshwaram Hyderabad,Maheshwaram Hyderabad,12600000,2700,4667
"Plot/Land for Sale in Chilkur Balaji Temple Road, Chevella Road Hyderabad",Chilkur Balaji Temple Road,9500000,4500,2111
Plot/Land for Sale in Rajendra Nagar Road Hyderabad,Rajendra Nagar Road Hyderabad,11500000,900,12778
Plot/Land for Sale in Warangal Highway Hyderabad,Warangal Highway Hyderabad,1100000,1080,1019
Plot/Land for Sale in Cheeriyal Hyderabad,Cheeriyal Hyderabad,9700000,2403,4050
Plot/Land for Sale in Chengicherla Hyderabad,Chengicherla Hyderabad,3300000,900,3667
Plot/Land for Sale in Shankarpalle Hyderabad,Shankarpalle Hyderabad,3000000,1467,2045
Plot/Land for Sale in Medchal Hyderabad,Medchal Hyderabad,19300000,5418,3556
Plot/Land for Sale in Srisailam Highway Hyderabad,Srisailam Highway Hyderabad,6000000,2700,2222
Plot/Land for Sale in Maheshwaram Hyderabad,Maheshwaram Hyderabad,3500000,1350,2556
"Plot/Land for Sale in Kothur, NH 7 Hyderabad",Kothur,10000000,4500,2222
Plot/Land for Sale in Karkalpahad Hyderabad,Karkalpahad Hyderabad,1600000,1350,1222
Plot/Land for Sale in Lemoor Hyderabad,Lemoor Hyderabad,8000000,3735,2142
Plot/Land for Sale in Meerkhanpet Hyderabad,Meerkhanpet Hyderabad,4000000,2403,1665
Plot/Land for Sale in Shadnagar Hyderabad,Shadnagar Hyderabad,5300000,2394,2222
Plot/Land for Sale in Thimmaipalli Hyderabad,Thimmaipalli Hyderabad,30000000,11700,2564
Plot/Land for Sale in Kongara Kalan Hyderabad,Kongara Kalan Hyderabad,7600000,2313,3286
"Plot/Land for Sale in Sun City, Bandlaguda, Chevella Road Hyderabad",Sun City,5400000,2700,2007
"Plot/Land for Sale in Rudraram, NH 9 Hyderabad",Rudraram,4500000,1800,2500
Plot/Land for Sale in Shankarpalle Rangareddy Hyderabad,Shankarpalle Rangareddy Hyderabad,8600000,4707,1836
Plot/Land for Sale in Pedda Amberpet Hyderabad,Pedda Amberpet Hyderabad,9100000,3627,2509
Plot/Land for Sale in Pasumamla Hyderabad,Pasumamla Hyderabad,3800000,1512,2513
Plot/Land for Sale in Shadnagar Hyderabad,Shadnagar Hyderabad,2800000,1674,1673
Plot/Land for Sale in Chitkul Road Hyderabad,Chitkul Road Hyderabad,6300000,1458,4321
Plot/Land for Sale in Shankarpalli Road Hyderabad,Shankarpalli Road Hyderabad,5500000,1800,3056
Plot/Land for Sale in Masaniguda Hyderabad,Masaniguda Hyderabad,2200000,1800,1222
Plot/Land for Sale in Maheshwaram Hyderabad,Maheshwaram Hyderabad,2100000,1575,1346
Plot/Land for Sale in Bibinagar Hyderabad,Bibinagar Hyderabad,2100000,1503,1389
Plot/Land for Sale in Mangalpally Hyderabad,Mangalpally Hyderabad,3600000,1800,2000
Plot/Land for Sale in Chanda Nagar Hyderabad,Chanda Nagar Hyderabad,45000000,2619,17182
Plot/Land for Sale in Sangareddy Hyderabad,Sangareddy Hyderabad,5200000,1800,2889
Plot/Land for Sale in Ameenpur Hyderabad,Ameenpur Hyderabad,20000000,2466,8110
Plot/Land for Sale in Nehru Outer Ring Road Hyderabad,Nehru Outer Ring Road Hyderabad,1800000,1503,1198
Plot/Land for Sale in Shadnagar Hyderabad,Shadnagar Hyderabad,6500000,2340,2778
Plot/Land for Sale in Maisigandi Hyderabad,Maisigandi Hyderabad,2200000,1485,1481
Plot/Land for Sale in Narkhuda Hyderabad,Narkhuda Hyderabad,10000000,4500,2222
Plot/Land for Sale in Prakruthik Vihar Hyderabad,Prakruthik Vihar Hyderabad,11000000,1764,6236
Plot/Land for Sale in Nalthur Hyderabad,Nalthur Hyderabad,10100000,3375,3000
Plot/Land for Sale in Shadnagar Hyderabad,Shadnagar Hyderabad,2600000,1251,2078
"Plot/Land for Sale in Yadamma Nagar, Secunderabad Hyderabad",Yadamma Nagar,25000000,2403,10404
"Plot/Land for Sale in Kothur, NH 7 Hyderabad",Kothur,6000000,1800,3333
"Plot/Land for Sale in Green Park, Jeedimetla, NH 7 Hyderabad",Green Park,6800000,2196,3097
Plot/Land for Sale in Edulabad Hyderabad,Edulabad Hyderabad,5700000,2160,2644
Plot/Land for Sale in Mekaguda Hyderabad,Mekaguda Hyderabad,3200000,1800,1778
"Plot/Land for Sale in Moinabad, Chevella Road Hyderabad",Moinabad,30000000,18000,1667
Plot/Land for Sale in Bachupally Hyderabad,Bachupally Hyderabad,16500000,2700,6111
Plot/Land for Sale in Shadnagar Hyderabad,Shadnagar Hyderabad,3200000,1800,1778
Plot/Land for Sale in Bhavya shree homes Hyderabad,Bhavya shree homes Hyderabad,4300000,1503,2828
Plot/Land for Sale in MJ Colony Hyderabad,MJ Colony Hyderabad,18000000,2385,7547
Plot/Land for Sale in Balapur Hyderabad,Balapur Hyderabad,4100000,1539,2667
Plot/Land for Sale in Maheshwaram Hyderabad,Maheshwaram Hyderabad,10300000,5400,1907
Plot/Land for Sale in Kundanpally Hyderabad,Kundanpally Hyderabad,31200000,10210,3057
Plot/Land for Sale in Sangareddy Hyderabad,Sangareddy Hyderabad,3500000,1647,2095
Plot/Land for Sale in Nandigaon Hyderabad,Nandigaon Hyderabad,5500000,1503,3667
Plot/Land for Sale in Peddamangalaram Hyderabad,Peddamangalaram Hyderabad,12100000,5445,2222
Plot/Land for Sale in Shamirpet Hyderabad,Shamirpet Hyderabad,15000000,9000,1667
Plot/Land for Sale in Maheshwaram Hyderabad,Maheshwaram Hyderabad,4000000,1854,2157
Plot/Land for Sale in Muraharipally Hyderabad,Muraharipally Hyderabad,6000000,1800,3333
Plot/Land for Sale in Burgul Hyderabad,Burgul Hyderabad,2500000,1485,1667
Plot/Land for Sale in Shadnagar Chevella Road Hyderabad,Shadnagar Chevella Road Hyderabad,2000000,1440,1389
Plot/Land for Sale in Zahirabad Hyderabad,Zahirabad Hyderabad,2400000,1800,1333
Plot/Land for Sale in Narepally Hyderabad,Narepally Hyderabad,10000000,2196,4554
Plot/Land for Sale in manasa valley rajendra nagar budvel 500030 Hyderabad,manasa valley rajendra nagar budvel 500030 Hyderabad,75000000,9000,8333
"Plot/Land for Sale in Isnapur, Outer Ring Road Hyderabad",Isnapur,15000000,3825,3922
Plot/Land for Sale in Sadashivpet Hyderabad,Sadashivpet Hyderabad,2800000,1323,2116
Plot/Land for Sale in subhagruha sukrithi samyuktha2 Hyderabad,subhagruha sukrithi samyuktha2 Hyderabad,3200000,1647,1973
Plot/Land for Sale in Hastinapuram Hyderabad,Hastinapuram Hyderabad,23700000,2250,10533
Plot/Land for Sale in Kodicherla Hyderabad,Kodicherla Hyderabad,13000000,11980,1085
Plot/Land for Sale in Sangareddy Hyderabad,Sangareddy Hyderabad,2700000,1647,1639
Plot/Land for Sale in Turkayamjal Hyderabad,Turkayamjal Hyderabad,22500000,2493,9025
Plot/Land for Sale in Alwal Hyderabad,Alwal Hyderabad,20000000,2358,8482
Plot/Land for Sale in Rajendranagar Mandal Hyderabad,Rajendranagar Mandal Hyderabad,62600000,3753,16667
Plot/Land for Sale in Bibinagar Hyderabad,Bibinagar Hyderabad,2800000,1800,1583
Plot/Land for Sale in Lakdaram Hyderabad,Lakdaram Hyderabad,17800000,3735,4778
Plot/Land for Sale in Kallakal Hyderabad,Kallakal Hyderabad,9000000,4500,2000
Plot/Land for Sale in Medchal Hyderabad,Medchal Hyderabad,24000000,5400,4444
Plot/Land for Sale in Shankarpalle Hyderabad,Shankarpalle Hyderabad,12500000,4995,2503
Plot/Land for Sale in Rampally Hyderabad,Rampally Hyderabad,10000000,2475,4040
"Plot/Land for Sale in Ghatkesar, NH 2 2 Hyderabad",Ghatkesar,6000000,2178,2755
Plot/Land for Sale in Bachupally Hyderabad,Bachupally Hyderabad,33300000,3000,11111
Plot/Land for Sale in Bibinagar Hyderabad,Bibinagar Hyderabad,5500000,3951,1392
"Plot/Land for Sale in Isnapur, Outer Ring Road Hyderabad",Isnapur,14200000,3150,4508
"Plot/Land for Sale in Saket, Secunderabad Hyderabad",Saket,22600000,2601,8670
"Plot/Land for Sale in Gundlapochampally, Outer Ring Road Hyderabad",Gundlapochampally,5900000,1782,3333
Plot/Land for Sale in Shadnagar Hyderabad,Shadnagar Hyderabad,4900000,2700,1833
"Plot/Land for Sale in Tukkuguda, Srisailam Highway Hyderabad",Tukkuguda,6500000,2160,3009
"Plot/Land for Sale in Bbg True Gold 2 Phase 7, Shadnagar, Hyderabad Hyderabad",Bbg True Gold 2 Phase 7,2300000,1773,1297
Plot/Land for Sale in Shankarpalli Road Hyderabad,Shankarpalli Road Hyderabad,16000000,9000,1778
Plot/Land for Sale in Balapur Hyderabad,Balapur Hyderabad,5400000,1350,4000
Plot/Land for Sale in Shadnagar Hyderabad,Shadnagar Hyderabad,4300000,3267,1331
"Plot/Land for Sale in Dundigal, Outer Ring Road Hyderabad",Dundigal,9500000,2403,3953
"Plot/Land for Sale in Fortune Farm Valley Maheshwaram, Hyderabad Hyderabad",Fortune Farm Valley Maheshwaram,54000000,40500,1333
"Plot/Land for Sale in Moinabad, Chevella Road Hyderabad",Moinabad,7200000,2034,3540
Plot/Land for Sale in Dammaiguda Hyderabad,Dammaiguda Hyderabad,7500000,1800,4167
Plot/Land for Sale in Kompally Hyderabad,Kompally Hyderabad,17000000,1800,9444
Plot/Land for Sale in Raghavapuram Bibinagar Hyderabad,Raghavapuram Bibinagar Hyderabad,2500000,2079,1203
Plot/Land for Sale in Mallapur Hyderabad,Mallapur Hyderabad,4800000,1332,3574
Plot/Land for Sale in aduri golden heights health village Hyderabad,aduri golden heights health village Hyderabad,4700000,2700,1756
"Plot/Land for Sale in Rudraram, NH 9 Hyderabad",Rudraram,5700000,1836,3111
Plot/Land for Sale in Shankarpalle Rangareddy Hyderabad,Shankarpalle Rangareddy Hyderabad,9200000,2547,3612
Plot/Land for Sale in Harshaguda Hyderabad,Harshaguda Hyderabad,12900000,3159,4084
Plot/Land for Sale in Shadnagar Hyderabad,Shadnagar Hyderabad,2100000,1350,1555
Plot/Land for Sale in Turkapally Hyderabad,Turkapally Hyderabad,4400000,1800,2444
"Plot/Land for Sale in Chilkur Balaji Temple Road, Chevella Road Hyderabad",Chilkur Balaji Temple Road,7500000,2250,3333
Plot/Land for Sale in Farooqnagar Hyderabad,Farooqnagar Hyderabad,3500000,1647,2125
Plot/Land for Sale in Mithila Nagar Banjara Hills Hyderabad,Mithila Nagar Banjara Hills Hyderabad,48000000,1665,28829
Plot/Land for Sale in Don Bosco Nagar Darga Khaliz Khan Road Hyderabad,Don Bosco Nagar Darga Khaliz Khan Road Hyderabad,24000000,2225,10787
Plot/Land for Sale in Lemoor Hyderabad,Lemoor Hyderabad,4000000,1800,2222
Plot/Land for Sale in Shadnagar Hyderabad,Shadnagar Hyderabad,4600000,1800,2556
Plot/Land for Sale in Masaipet Hyderabad,Masaipet Hyderabad,2400000,1350,1778
Plot/Land for Sale in Peddatupra Hyderabad,Peddatupra Hyderabad,40000000,8649,4625
Plot/Land for Sale in Bibinagar Hyderabad,Bibinagar Hyderabad,12500000,4536,2756
"Plot/Land for Sale in Isnapur, Outer Ring Road Hyderabad",Isnapur,15000000,2808,5342
Plot/Land for Sale in Pulumamidi Hyderabad,Pulumamidi Hyderabad,2400000,2196,1093
"Plot/Land for Sale in Gundlapochampally, Outer Ring Road Hyderabad",Gundlapochampally,15000000,2403,6242
Plot/Land for Sale in Sangareddy Hyderabad,Sangareddy Hyderabad,3200000,1647,1943
Plot/Land for Sale in Shamshabad Hyderabad,Shamshabad Hyderabad,2700000,1530,1765
Plot/Land for Sale in Shankarpalli Road Hyderabad,Shankarpalli Road Hyderabad,10500000,2196,4778
Plot/Land for Sale in Vanasthali Hills Hyderabad,Vanasthali Hills Hyderabad,18000000,4500,4000
"Plot/Land for Sale in Indresham, Bachuguda Hyderabad",Indresham,4800000,1350,3556
"Plot/Land for Sale in Dundigal, Outer Ring Road Hyderabad",Dundigal,17800000,2646,6727
"Plot/Land for Sale in Kailash Hills, Mahadevpur Colony Hyderabad",Kailash Hills,20000000,1800,11111
Plot/Land for Sale in Kamsanpalle Hyderabad,Kamsanpalle Hyderabad,2500000,1485,1667
Plot/Land for Sale in Yadagirigutta Hyderabad,Yadagirigutta Hyderabad,1500000,1485,1010
Plot/Land for Sale in Shankarpally Road Hyderabad,Shankarpally Road Hyderabad,4800000,1980,2424
Plot/Land for Sale in Bacharam Hyderabad,Bacharam Hyderabad,15000000,5454,2750
"Plot/Land for Sale in Chilkur Balaji Temple Road, Chevella Road Hyderabad",Chilkur Balaji Temple Road,20000000,1000,20000
Plot/Land for Sale in Kanajiguda Hyderabad,Kanajiguda Hyderabad,21400000,2403,8889
Plot/Land for Sale in Medchal Hyderabad,Medchal Hyderabad,18300000,3924,4667
Plot/Land for Sale in Shadnagar Hyderabad,Shadnagar Hyderabad,4300000,1980,2187
Plot/Land for Sale in Balapur Road Hyderabad,Balapur Road Hyderabad,5000000,2070,2415
Plot/Land for Sale in Keshampet Hyderabad,Keshampet Hyderabad,1800000,1323,1361
Plot/Land for Sale in Nawabpet Hyderabad,Nawabpet Hyderabad,13500000,9000,1500
Plot/Land for Sale in Patancheruvu Hyderabad,Patancheruvu Hyderabad,10000000,3600,2778
"Plot/Land for Sale in Kothur, NH 7 Hyderabad",Kothur,30000000,9000,3333
Plot/Land for Sale in Yadagirigutta Hyderabad,Yadagirigutta Hyderabad,1400000,1350,1074
Plot/Land for Sale in Nandigaon Hyderabad,Nandigaon Hyderabad,6400000,1800,3556
Plot/Land for Sale in Ibrahimpatnam Hyderabad,Ibrahimpatnam Hyderabad,3100000,1620,1889
Plot/Land for Sale in Adibatla Hyderabad,Adibatla Hyderabad,9600000,3150,3056
Plot/Land for Sale in Nehru Outer Ring Road Hyderabad,Nehru Outer Ring Road Hyderabad,4000000,1620,2469
Plot/Land for Sale in Jayalaxmi Nagar Hyderabad,Jayalaxmi Nagar Hyderabad,31500000,2700,11667
Plot/Land for Sale in Bibinagar Hyderabad,Bibinagar Hyderabad,2500000,1872,1335
Plot/Land for Sale in Kongara Kalan Hyderabad,Kongara Kalan Hyderabad,3500000,1350,2611
Plot/Land for Sale in Reddypalli Hyderabad,Reddypalli Hyderabad,10700000,4806,2222
Plot/Land for Sale in Maheshwaram Hyderabad,Maheshwaram Hyderabad,3300000,2385,1399
Plot/Land for Sale in Pratap Singaram Hyderabad,Pratap Singaram Hyderabad,7200000,2394,3008
Plot/Land for Sale in Burgul Hyderabad,Burgul Hyderabad,2300000,1323,1738
Plot/Land for Sale in Kompally Hyderabad,Kompally Hyderabad,21000000,2781,7551
Plot/Land for Sale in Kolanupaka Hyderabad,Kolanupaka Hyderabad,4200000,2500,1674
Plot/Land for Sale in Aziz Nagar Hyderabad,Aziz Nagar Hyderabad,30000000,10800,2778
Plot/Land for Sale in Bibinagar Hyderabad,Bibinagar Hyderabad,3500000,2790,1254
"Plot/Land for Sale in Isnapur, Outer Ring Road Hyderabad",Isnapur,15000000,3600,4167
Plot/Land for Sale in Pulumamidi Hyderabad,Pulumamidi Hyderabad,4200000,2160,1944
Plot/Land for Sale in Gaddapotharam Hyderabad,Gaddapotharam Hyderabad,3900000,1800,2167
Plot/Land for Sale in Bogaram Hyderabad,Bogaram Hyderabad,3700000,1980,1889
"Plot/Land for Sale in Isnapur, Outer Ring Road Hyderabad",Isnapur,12000000,2400,5000
"Plot/Land for Sale in Quthbullapur, NH 7 Hyderabad",Quthbullapur,24000000,2403,9988
Plot/Land for Sale in Gajularamaram Hyderabad,Gajularamaram Hyderabad,20700000,2394,8667
Plot/Land for Sale in Shankarpalli Road Hyderabad,Shankarpalli Road Hyderabad,4500000,1800,2500
Plot/Land for Sale in Shankarpalle Rangareddy Hyderabad,Shankarpalle Rangareddy Hyderabad,14000000,2403,5826
Plot/Land for Sale in Mumbai Highway Hyderabad,Mumbai Highway Hyderabad,2400000,1800,1333
Plot/Land for Sale in Lemoor Hyderabad,Lemoor Hyderabad,2400000,2160,1111
Plot/Land for Sale in Shadnagar Hyderabad,Shadnagar Hyderabad,2000000,1323,1512
Plot/Land for Sale in Kowkoor Main Road Hyderabad,Kowkoor Main Road Hyderabad,29200000,5850,5000
Plot/Land for Sale in Narepally Hyderabad,Narepally Hyderabad,10000000,2250,4444
"Plot/Land for Sale in Kothur, NH 7 Hyderabad",Kothur,4500000,2700,1667
Plot/Land for Sale in Nagole Hyderabad,Nagole Hyderabad,12000000,2700,4444
Plot/Land for Sale in Ibrahimpatnam Hyderabad,Ibrahimpatnam Hyderabad,3300000,1485,2222
Plot/Land for Sale in Yacharam Hyderabad,Yacharam Hyderabad,2400000,1647,1485
Plot/Land for Sale in Nadargul Hyderabad,Nadargul Hyderabad,4000000,1000,4000
Plot/Land for Sale in Sadashivpet Hyderabad,Sadashivpet Hyderabad,3600000,1800,2000
Plot/Land for Sale in Kompally Hyderabad,Kompally Hyderabad,24000000,3591,6683
Plot/Land for Sale in Shamshabad Hyderabad,Shamshabad Hyderabad,8500000,900,9444
Plot/Land for Sale in Yapral Hyderabad,Yapral Hyderabad,20000000,2400,8333
Plot/Land for Sale in Timmapur Hyderabad,Timmapur Hyderabad,8900000,4446,2003
"Plot/Land for Sale in Kothur, NH 7 Hyderabad",Kothur,4000000,1800,2222
"Plot/Land for Sale in Ameerpet, NH 9 Hyderabad",Ameerpet,33800000,27660,1222
Plot/Land for Sale in Rameshwar Banda Hyderabad,Rameshwar Banda Hyderabad,11100000,3996,2778
Plot/Land for Sale in Netaji Nagar Gulmohar Park Colony Hyderabad,Netaji Nagar Gulmohar Park Colony Hyderabad,14000000,1080,12963
Plot/Land for Sale in Shamirpet Hyderabad,Shamirpet Hyderabad,8000000,3600,2222
Plot/Land for Sale in Shankarpalle Hyderabad,Shankarpalle Hyderabad,2900000,1503,1929
Plot/Land for Sale in Shamirpet Hyderabad,Shamirpet Hyderabad,5000000,1503,3327
Plot/Land for Sale in Kondakal Hyderabad,Kondakal Hyderabad,18700000,2250,8333
Plot/Land for Sale in Shankarpalle Rangareddy Hyderabad,Shankarpalle Rangareddy Hyderabad,5000000,1800,2778
Plot/Land for Sale in Kompally Hyderabad,Kompally Hyderabad,5300000,1503,3556
Plot/Land for Sale in Adibatla Hyderabad,Adibatla Hyderabad,2000000,1800,1111
Plot/Land for Sale in Kompally Hyderabad,Kompally Hyderabad,34000000,3600,9444
Plot/Land for Sale in Mokila Hyderabad,Mokila Hyderabad,13600000,2232,6111
Plot/Land for Sale in Maheshwaram Hyderabad,Maheshwaram Hyderabad,43200000,8460,5106
"Plot/Land for Sale in Rudraram, NH 9 Hyderabad",Rudraram,11000000,4950,2222
"Plot/Land for Sale in Kothur, NH 7 Hyderabad",Kothur,2600000,1980,1313
Plot/Land for Sale in Hyderguda Attapur Hyderabad,Hyderguda Attapur Hyderabad,25000000,1647,15179
Plot/Land for Sale in Adibatla Hyderabad,Adibatla Hyderabad,3600000,1476,2439
Plot/Land for Sale in Srisailam Highway Hyderabad,Srisailam Highway Hyderabad,1500000,1350,1111
Plot/Land for Sale in Bangalore Hyderabad Highway Hyderabad,Bangalore Hyderabad Highway Hyderabad,2400000,1647,1444
"Plot/Land for Sale in Ghatkesar, NH 2 2 Hyderabad",Ghatkesar,2600000,2340,1111
Plot/Land for Sale in Shadnagar Hyderabad,Shadnagar Hyderabad,1600000,1323,1209
"Plot/Land for Sale in Patancheru Industrial Area, Outer Ring Road Hyderabad",Patancheru Industrial Area,10000000,2997,3337
Plot/Land for Sale in Gajularamaram Hyderabad,Gajularamaram Hyderabad,30000000,6003,4998
Plot/Land for Sale in Gajularamaram Hyderabad,Gajularamaram Hyderabad,13200000,1800,7333
"Plot/Land for Sale in Boduppal, NH 2 2 Hyderabad",Boduppal,21100000,2376,8888
"Plot/Land for Sale in Machabollaram, Medchal Road Hyderabad",Machabollaram,18000000,1800,10000
Plot/Land for Sale in Suchitra Road Hyderabad,Suchitra Road Hyderabad,17000000,1890,8995
Plot/Land for Sale in Penjerla Hyderabad,Penjerla Hyderabad,2000000,1782,1122
Plot/Land for Sale in Sai Nagar Indresham Hyderabad,Sai Nagar Indresham Hyderabad,4500000,1800,2500
Plot/Land for Sale in Mangalpally Hyderabad,Mangalpally Hyderabad,2400000,1800,1333
Plot/Land for Sale in Maheshwaram Hyderabad,Maheshwaram Hyderabad,11600000,4916,2360
"Plot/Land for Sale in Hayat Nagar, Rajendra Nagar, Outer Ring Road Hyderabad",Hayat Nagar,4300000,1287,3333
"Plot/Land for Sale in Gundlapochampally, Outer Ring Road Hyderabad",Gundlapochampally,11000000,1809,6081
Plot/Land for Sale in Medchal Hyderabad,Medchal Hyderabad,6800000,3051,2222
Plot/Land for Sale in Bibinagar Hyderabad,Bibinagar Hyderabad,5000000,2250,2222
"Plot/Land for Sale in Isnapur, Outer Ring Road Hyderabad",Isnapur,8000000,2493,3209
Plot/Land for Sale in Kallakal Hyderabad,Kallakal Hyderabad,4700000,2115,2222
Plot/Land for Sale in Medchal Hyderabad,Medchal Hyderabad,22000000,9000,2444
Plot/Land for Sale in Rachaloor Hyderabad,Rachaloor Hyderabad,6500000,2403,2705
"Plot/Land for Sale in Moinabad, Chevella Road Hyderabad",Moinabad,4400000,1800,2444
Plot/Land for Sale in East Marredpally Hyderabad,East Marredpally Hyderabad,60000000,4500,13333
Plot/Land for Sale in Bhuvanagiri Hyderabad,Bhuvanagiri Hyderabad,3000000,2997,1001
Plot/Land for Sale in Adibatla Hyderabad,Adibatla Hyderabad,15000000,2340,6410
Plot/Land for Sale in Hayathnagar Khalsa Hyderabad,Hayathnagar Khalsa Hyderabad,18000000,2400,7500
Plot/Land for Sale in Nandigaon Hyderabad,Nandigaon Hyderabad,9700000,1800,5389
"Plot/Land for Sale in Maheswaram Lines, Chandrayangutta, Srisailam Highway Hyderabad",Maheswaram Lines,2300000,1440,1597
"Plot/Land for Sale in Ghatkesar, NH 2 2 Hyderabad",Ghatkesar,3100000,1980,1556
Plot/Land for Sale in Hayathnagar Khalsa Hyderabad,Hayathnagar Khalsa Hyderabad,20000000,1998,10010
Plot/Land for Sale in Balapur Hyderabad,Balapur Hyderabad,4400000,1566,2778
Plot/Land for Sale in Shamshabad Hyderabad,Shamshabad Hyderabad,25000000,4500,5556
Plot/Land for Sale in Lemoor Hyderabad,Lemoor Hyderabad,3500000,1503,2329
Plot/Land for Sale in Nadergul Road Hyderabad,Nadergul Road Hyderabad,4000000,2700,1481
Plot/Land for Sale in DTCP MEDCHAL Hyderabad,DTCP MEDCHAL Hyderabad,11000000,5247,2096
Plot/Land for Sale in Machanpalle Shabad Hyderabad,Machanpalle Shabad Hyderabad,8000000,2700,2963
Plot/Land for Sale in Shapur Nagar Hyderabad,Shapur Nagar Hyderabad,15000000,2160,6944
Plot/Land for Sale in Garden of Eden 8 Hyderabad,Garden of Eden 8 Hyderabad,1700000,1485,1145
Plot/Land for Sale in Ibrahimpatnam Hyderabad,Ibrahimpatnam Hyderabad,10000000,2000,5000
Plot/Land for Sale in Kandukur Hyderabad,Kandukur Hyderabad,11600000,3744,3098
"Plot/Land for Sale in Bowrampet, Outer Ring Road Hyderabad",Bowrampet,18300000,7506,2444
Plot/Land for Sale in Shadnagar Hyderabad,Shadnagar Hyderabad,3000000,1620,1852
Plot/Land for Sale in Shamshabad Hyderabad,Shamshabad Hyderabad,100000000,3200,31250
Plot/Land for Sale in Shankarpalli Road Hyderabad,Shankarpalli Road Hyderabad,100000000,18000,5556
Plot/Land for Sale in Patancheruvu Hyderabad,Patancheruvu Hyderabad,100000000,18000,5556
Plot/Land for Sale in Shadnagar Bypass Road Hyderabad,Shadnagar Bypass Road Hyderabad,4000000,1485,2667
Plot/Land for Sale in Shadnagar Hyderabad,Shadnagar Hyderabad,2400000,1980,1212
"Plot/Land for Sale in Sultanpur, Outer Ring Road Hyderabad",Sultanpur,4500000,1350,3333
Plot/Land for Sale in Sangareddy Hyderabad,Sangareddy Hyderabad,2000000,1350,1481
Plot/Land for Sale in Turkayamjal Hyderabad,Turkayamjal Hyderabad,6900000,2799,2465
"Plot/Land for Sale in Quthbullapur, NH 7 Hyderabad",Quthbullapur,8200000,1800,4556
"Plot/Land for Sale in Raviryal, Outer Ring Road Hyderabad",Raviryal,12500000,2250,5556
Plot/Land for Sale in Alwal Hyderabad,Alwal Hyderabad,15000000,2376,6313
Plot/Land for Sale in Sadashivpet Hyderabad,Sadashivpet Hyderabad,1800000,1350,1333
Plot/Land for Sale in Ibrahimpatnam Road Hyderabad,Ibrahimpatnam Road Hyderabad,2000000,1350,1481
Plot/Land for Sale in TV COLONY RAMANTHPUR Hyderabad,TV COLONY RAMANTHPUR Hyderabad,30000000,3690,8130
Plot/Land for Sale in Hyderguda Hyderabad,Hyderguda Hyderabad,22300000,1485,15000
Plot/Land for Sale in Mokila Road Hyderabad,Mokila Road Hyderabad,25500000,2700,9444
Plot/Land for Sale in Medchal Hyderabad,Medchal Hyderabad,11000000,4950,2222
Plot/Land for Sale in Nandigama Kothur Hyderabad,Nandigama Kothur Hyderabad,12500000,2997,4171
Plot/Land for Sale in Shankarpalli Road Hyderabad,Shankarpalli Road Hyderabad,5400000,1800,3000
Plot/Land for Sale in prakritik vihar balaji nagar yapral Hyderabad,prakritik vihar balaji nagar yapral Hyderabad,30000000,4797,6254
Plot/Land for Sale in Bibinagar Hyderabad,Bibinagar Hyderabad,1600000,1350,1222
Plot/Land for Sale in Av devaki meadows Hyderabad,Av devaki meadows Hyderabad,12000000,5310,2260
Plot/Land for Sale in Chengicherla Hyderabad,Chengicherla Hyderabad,2400000,1575,1524
Plot/Land for Sale in Sadashivpet Hyderabad,Sadashivpet Hyderabad,2200000,1350,1630
Plot/Land for Sale in Maheshwaram Hyderabad,Maheshwaram Hyderabad,22200000,6660,3333
Plot/Land for Sale in Baswapur Siddipet Hyderabad,Baswapur Siddipet Hyderabad,3600000,2700,1333
Plot/Land for Sale in open plot Hyderabad,open plot Hyderabad,33000000,2520,13095
Plot/Land for Sale in Maheshwaram Hyderabad,Maheshwaram Hyderabad,15000000,6669,2249
Plot/Land for Sale in Kavuri Hills Madhapur Hyderabad,Kavuri Hills Madhapur Hyderabad,21000000,1746,12027
Plot/Land for Sale in Medchal Hyderabad,Medchal Hyderabad,20000000,2880,6944
"Plot/Land for Sale in Moinabad, Chevella Road Hyderabad",Moinabad,37500000,11240,3333
Plot/Land for Sale in Mekaguda Hyderabad,Mekaguda Hyderabad,10000000,3600,2778
"Plot/Land for Sale in Isnapur, Outer Ring Road Hyderabad",Isnapur,13000000,3600,3611
"Plot/Land for Sale in Hayat Nagar, Rajendra Nagar, Outer Ring Road Hyderabad",Hayat Nagar,3600000,1800,2000
Plot/Land for Sale in Adibatla Hyderabad,Adibatla Hyderabad,2800000,1683,1667
"Plot/Land for Sale in Aushapur, NH 2 2 Hyderabad",Aushapur,15000000,9000,1667
Plot/Land for Sale in Nagole Hyderabad,Nagole Hyderabad,5500000,1800,3056
"Plot/Land for Sale in Pocharam, NH 2 2 Hyderabad",Pocharam,5000000,1800,2778
Plot/Land for Sale in Nandi Kandi Hyderabad,Nandi Kandi Hyderabad,2900000,1350,2148
Plot/Land for Sale in Kothaguda Batasingaram Hyderabad,Kothaguda Batasingaram Hyderabad,4700000,1800,2589
Plot/Land for Sale in Patancheruvu Hyderabad,Patancheruvu Hyderabad,5300000,1350,3889
Plot/Land for Sale in Shadnagar Hyderabad,Shadnagar Hyderabad,1800000,1080,1667
Plot/Land for Sale in Shankarpalli Road Hyderabad,Shankarpalli Road Hyderabad,5600000,1908,2935
Plot/Land for Sale in Shaikpet Hyderabad,Shaikpet Hyderabad,100000000,5400,18519
"Plot/Land for Sale in Hema Nagar, Secunderabad Hyderabad",Hema Nagar,24000000,2700,8889
Plot/Land for Sale in Shadnagar Hyderabad,Shadnagar Hyderabad,2200000,999,2252
Plot/Land for Sale in Rangareddy Hyderabad,Rangareddy Hyderabad,10000000,936,10684
Plot/Land for Sale in Bhuvanagiri Hyderabad,Bhuvanagiri Hyderabad,1900000,1503,1297
Plot/Land for Sale in Patancheru near bhel Hyderabad,Patancheru near bhel Hyderabad,3000000,1800,1667
Plot/Land for Sale in Peerzadiguda Road Hyderabad,Peerzadiguda Road Hyderabad,11200000,3438,3258
"Plot/Land for Sale in Moinabad, Chevella Road Hyderabad",Moinabad,18000000,10800,1667
Plot/Land for Sale in Anmagal Hayathnagar Hyderabad,Anmagal Hayathnagar Hyderabad,20000000,3870,5168
Plot/Land for Sale in Secunderabad Hyderabad,Secunderabad Hyderabad,56000000,36000,1556
Plot/Land for Sale in Chegur Road Hyderabad,Chegur Road Hyderabad,2500000,1503,1663
Plot/Land for Sale in scope farm Hyderabad,scope farm Hyderabad,12000000,5400,2222
Plot/Land for Sale in Yacharam Hyderabad,Yacharam Hyderabad,2100000,1323,1587
Plot/Land for Sale in MMR Estate Deshmukhi Village Hyderabad,MMR Estate Deshmukhi Village Hyderabad,22100000,14400,1535
Plot/Land for Sale in Budwel Hyderabad,Budwel Hyderabad,8500000,1125,7556
Plot/Land for Sale in Adibatla Hyderabad,Adibatla Hyderabad,4500000,1818,2475
Plot/Land for Sale in Amangal Hyderabad,Amangal Hyderabad,4200000,1818,2310
"Plot/Land for Sale in Hafeezpet, NH 9 Hyderabad",Hafeezpet,32000000,2700,11852
"Plot/Land for Sale in Kothur, NH 7 Hyderabad",Kothur,3000000,2412,1244
Plot/Land for Sale in Maheshwaram Hyderabad,Maheshwaram Hyderabad,6600000,4995,1321
Plot/Land for Sale in Yeliminedu Hyderabad,Yeliminedu Hyderabad,2300000,1503,1500
Plot/Land for Sale in Medchal Hyderabad,Medchal Hyderabad,5700000,2700,2111
Plot/Land for Sale in Sadashivpet Hyderabad,Sadashivpet Hyderabad,3000000,2700,1111
Plot/Land for Sale in Bhanur Hyderabad,Bhanur Hyderabad,9300000,2097,4444
"Plot/Land for Sale in Gundlapochampally, Outer Ring Road Hyderabad",Gundlapochampally,13800000,2394,5778
Plot/Land for Sale in Rampally Main Road Hyderabad,Rampally Main Road Hyderabad,10000000,1800,5556
Plot/Land for Sale in Turkapally Hyderabad,Turkapally Hyderabad,1600000,1485,1111
Plot/Land for Sale in Yenkepally Hyderabad,Yenkepally Hyderabad,7000000,1800,3889
Plot/Land for Sale in Maddikunta Hyderabad,Maddikunta Hyderabad,2500000,1620,1543
Plot/Land for Sale in Kadthal Hyderabad,Kadthal Hyderabad,4300000,2385,1803
Plot/Land for Sale in Nandi Kandi Hyderabad,Nandi Kandi Hyderabad,2800000,1323,2111
Plot/Land for Sale in Sreenagar Hyderabad,Sreenagar Hyderabad,11700000,3510,3333
Plot/Land for Sale in Yapral Hyderabad,Yapral Hyderabad,3000000,1224,2451
Plot/Land for Sale in Shankarpalle Rangareddy Hyderabad,Shankarpalle Rangareddy Hyderabad,12000000,5400,2222
"Plot/Land for Sale in Hayat Nagar, Rajendra Nagar, Outer Ring Road Hyderabad",Hayat Nagar,4600000,2187,2111
Plot/Land for Sale in Ismailkhanguda Hyderabad,Ismailkhanguda Hyderabad,8000000,1926,4154
"Plot/Land for Sale in Isnapur, Outer Ring Road Hyderabad",Isnapur,10000000,1800,5556
"Plot/Land for Sale in Aushapur, NH 2 2 Hyderabad",Aushapur,3000000,1647,1821
Plot/Land for Sale in Medchal Hyderabad,Medchal Hyderabad,11000000,600,18333
"Plot/Land for Sale in Gundlapochampally, Outer Ring Road Hyderabad",Gundlapochampally,7000000,1359,5151
Plot/Land for Sale in Chegur Hyderabad,Chegur Hyderabad,5000000,4500,1111
Plot/Land for Sale in adibatla oppoaite TCS Hyderabad,adibatla oppoaite TCS Hyderabad,12500000,1800,6944
Plot/Land for Sale in simhapuri colony Hyderabad,simhapuri colony Hyderabad,26700000,2403,11111
Plot/Land for Sale in Adibatla Hyderabad,Adibatla Hyderabad,15000000,2160,6944
"Plot/Land for Sale in Sirka Oasis, Bhanur Hyderabad",Sirka Oasis,13200000,4167,3167
Plot/Land for Sale in Ramachandrapuram Hyderabad,Ramachandrapuram Hyderabad,13500000,1800,7500
Plot/Land for Sale in Bibinagar Hyderabad,Bibinagar Hyderabad,3200000,2790,1143
Plot/Land for Sale in silpa dreamvalley Hyderabad,silpa dreamvalley Hyderabad,90000000,9000,10000
Plot/Land for Sale in Kadthal Hyderabad,Kadthal Hyderabad,2100000,1368,1500
Plot/Land for Sale in Gantlavelli Hyderabad,Gantlavelli Hyderabad,1800000,1314,1370
Plot/Land for Sale in Isnapur Indira Karan Road Hyderabad,Isnapur Indira Karan Road Hyderabad,6800000,2153,3159
Plot/Land for Sale in Vikarabad Road Hyderabad,Vikarabad Road Hyderabad,2300000,1485,1555
Plot/Land for Sale in Bogaram Hyderabad,Bogaram Hyderabad,4000000,2160,1852
"Plot/Land for Sale in Moinabad, Chevella Road Hyderabad",Moinabad,4000000,2403,1667
Plot/Land for Sale in Thimmapur Hyderabad,Thimmapur Hyderabad,4000000,1800,2222
Plot/Land for Sale in green fields Hyderabad,green fields Hyderabad,1200000,1089,1102
Plot/Land for Sale in Kandukur Hyderabad,Kandukur Hyderabad,7500000,4203,1784
Plot/Land for Sale in Medchal Hyderabad,Medchal Hyderabad,18000000,5400,3333
"Plot/Land for Sale in Miyapur, NH 9 Hyderabad",Miyapur,9000000,2700,3333
Plot/Land for Sale in Shadnagar Hyderabad,Shadnagar Hyderabad,2800000,1485,1886
"Plot/Land for Sale in Vikrampuri, Secunderabad Hyderabad",Vikrampuri,4900000,3528,1389
Plot/Land for Sale in Turkayamjal Hyderabad,Turkayamjal Hyderabad,22000000,3600,6111
"Plot/Land for Sale in Bongloor, Outer Ring Road Hyderabad",Bongloor,7300000,2628,2778
Plot/Land for Sale in Shadnagar Hyderabad,Shadnagar Hyderabad,2500000,1485,1667
"Plot/Land for Sale in Kothur, NH 7 Hyderabad",Kothur,65000000,45000,1444
Plot/Land for Sale in Bhuvanagiri Nalgonda Road Hyderabad,Bhuvanagiri Nalgonda Road Hyderabad,73600000,41400,1778
Plot/Land for Sale in Medchal Hyderabad,Medchal Hyderabad,13600000,4383,3111
Plot/Land for Sale in Sangareddy Hyderabad,Sangareddy Hyderabad,12000000,1050,11429
Plot/Land for Sale in Ibrahimpatnam Hyderabad,Ibrahimpatnam Hyderabad,4000000,2160,1852
"Plot/Land for Sale in Aushapur, NH 2 2 Hyderabad",Aushapur,2700000,1503,1778
Plot/Land for Sale in Shadnagar Hyderabad,Shadnagar Hyderabad,3300000,1800,1833
Plot/Land for Sale in Sangareddy Hyderabad,Sangareddy Hyderabad,3200000,1800,1778
"Plot/Land for Sale in Ghatkesar, NH 2 2 Hyderabad",Ghatkesar,10500000,2700,3889
Plot/Land for Sale in Maheshwaram Hyderabad,Maheshwaram Hyderabad,12000000,5400,2222
Plot/Land for Sale in Sadashivpet Hyderabad,Sadashivpet Hyderabad,1500000,1350,1111
Plot/Land for Sale in Sangareddy Hyderabad,Sangareddy Hyderabad,2600000,1647,1556
"Plot/Land for Sale in Ghatkesar, NH 2 2 Hyderabad",Ghatkesar,6400000,2400,2670
Plot/Land for Sale in Yadagirigutta Hyderabad,Yadagirigutta Hyderabad,2000000,1800,1111
Plot/Land for Sale in Sangareddy Hyderabad,Sangareddy Hyderabad,7000000,1575,4444
Plot/Land for Sale in Dabilpur Hyderabad,Dabilpur Hyderabad,9600000,4806,1998
Plot/Land for Sale in Shadnagar Hyderabad,Shadnagar Hyderabad,13900000,5220,2667
Plot/Land for Sale in Amangal Hyderabad,Amangal Hyderabad,2400000,1800,1333
Plot/Land for Sale in Bibinagar Hyderabad,Bibinagar Hyderabad,2600000,1503,1730
Plot/Land for Sale in Chevella Hyderabad,Chevella Hyderabad,22500000,6975,3222
Plot/Land for Sale in Shamshabad Hyderabad,Shamshabad Hyderabad,3000000,1800,1667
Plot/Land for Sale in Railway Colony Alwal Hyderabad,Railway Colony Alwal Hyderabad,20200000,3960,5111
Plot/Land for Sale in Gajularamaram Hyderabad,Gajularamaram Hyderabad,12000000,1440,8333
Plot/Land for Sale in Shamshabad Hyderabad,Shamshabad Hyderabad,2500000,2196,1138
"Plot/Land for Sale in Mangalpalle, Outer Ring Road Hyderabad",Mangalpalle,5500000,1350,4074
Plot/Land for Sale in Janwada Hyderabad,Janwada Hyderabad,4500000,1098,4098
Plot/Land for Sale in Alkapuri Hyderabad,Alkapuri Hyderabad,8100000,2700,3000
Plot/Land for Sale in Burgul Hyderabad,Burgul Hyderabad,2500000,1656,1510
Plot/Land for Sale in Kandukur Hyderabad,Kandukur Hyderabad,16000000,4500,3556
"Plot/Land for Sale in Ghatkesar, NH 2 2 Hyderabad",Ghatkesar,3600000,1800,2000
"Plot/Land for Sale in Kothur, NH 7 Hyderabad",Kothur,3700000,1503,2462
Plot/Land for Sale in Sangareddy Hyderabad,Sangareddy Hyderabad,4000000,1800,2222
Plot/Land for Sale in Gundlapochampalli Hyderabad,Gundlapochampalli Hyderabad,15000000,2403,6242
Plot/Land for Sale in Dammaiguda Hyderabad,Dammaiguda Hyderabad,12900000,4653,2778
Plot/Land for Sale in Mahadevpur Colony Hyderabad,Mahadevpur Colony Hyderabad,9300000,1800,5167
Plot/Land for Sale in Bandlaguda Jagir Hyderabad,Bandlaguda Jagir Hyderabad,10200000,1080,9444
Plot/Land for Sale in Patancheruvu Hyderabad,Patancheruvu Hyderabad,6300000,2160,2917
Plot/Land for Sale in Bhuvanagiri Hyderabad,Bhuvanagiri Hyderabad,12000000,5400,2222
Plot/Land for Sale in Shadnagar Hyderabad,Shadnagar Hyderabad,6500000,1323,4913
Plot/Land for Sale in Musheerabad Hyderabad,Musheerabad Hyderabad,12500000,640,19531
Plot/Land for Sale in Kalyanpur Hyderabad,Kalyanpur Hyderabad,5000000,720,6944
Plot/Land for Sale in Gudimalkapur Hyderabad,Gudimalkapur Hyderabad,2800000,1647,1700
Plot/Land for Sale in near yadadri temple Hyderabad,near yadadri temple Hyderabad,2200000,1980,1111
Plot/Land for Sale in Gudur Hyderabad,Gudur Hyderabad,7000000,3150,2222
Plot/Land for Sale in Kothur Rangareddy Hyderabad,Kothur Rangareddy Hyderabad,3300000,1980,1667
"Plot/Land for Sale in Pedso 1, Secunderabad Hyderabad",Pedso 1,18500000,2700,6852
"Plot/Land for Sale in Rudraram, NH 9 Hyderabad",Rudraram,2700000,1503,1778
Plot/Land for Sale in Choutuppal Hyderabad,Choutuppal Hyderabad,2600000,1350,1926
Plot/Land for Sale in Ibrahimpatnam Hyderabad,Ibrahimpatnam Hyderabad,5000000,2178,2296
Plot/Land for Sale in Gajularamaram Hyderabad,Gajularamaram Hyderabad,13900000,1800,7722
Plot/Land for Sale in Bhanur Hyderabad,Bhanur Hyderabad,15300000,5400,2833
Plot/Land for Sale in Amangal Hyderabad,Amangal Hyderabad,3200000,2394,1337
Plot/Land for Sale in Yacharam Hyderabad,Yacharam Hyderabad,3200000,1800,1778
Plot/Land for Sale in j group Hyderabad,j group Hyderabad,2800000,1647,1700
Plot/Land for Sale in Kothur Rangareddy Hyderabad,Kothur Rangareddy Hyderabad,2800000,1485,1886
Plot/Land for Sale in Chengicherla Hyderabad,Chengicherla Hyderabad,10600000,1944,5436
Plot/Land for Sale in Shadnagar Hyderabad,Shadnagar Hyderabad,4900000,2133,2297
Plot/Land for Sale in Farooqnagar Hyderabad,Farooqnagar Hyderabad,45000000,9000,5000
"Plot/Land for Sale in Ghatkesar, NH 2 2 Hyderabad",Ghatkesar,2400000,1800,1333
"Plot/Land for Sale in Tukkuguda, Srisailam Highway Hyderabad",Tukkuguda,4200000,1500,2767
Plot/Land for Sale in Kallakal Hyderabad,Kallakal Hyderabad,4000000,1800,2222
Plot/Land for Sale in Badangpet Hyderabad,Badangpet Hyderabad,6000000,1647,3643
Plot/Land for Sale in Sadashivpet Hyderabad,Sadashivpet Hyderabad,4000000,1800,2222
Plot/Land for Sale in Ramoji Film City Main Road Hyderabad,Ramoji Film City Main Road Hyderabad,1500000,1350,1111
Plot/Land for Sale in Sangareddy Hyderabad,Sangareddy Hyderabad,3500000,1647,2131
Plot/Land for Sale in Balanagar Hyderabad,Balanagar Hyderabad,7300000,3150,2333
"Plot/Land for Sale in Aushapur, NH 2 2 Hyderabad",Aushapur,3300000,1755,1889
Plot/Land for Sale in Choutuppal Hyderabad,Choutuppal Hyderabad,3400000,1350,2519
Plot/Land for Sale in Inole Hyderabad,Inole Hyderabad,18000000,8460,2128
Plot/Land for Sale in Kompally Hyderabad,Kompally Hyderabad,8500000,900,9444
Plot/Land for Sale in Kandukur Hyderabad,Kandukur Hyderabad,25000000,9000,2778
Plot/Land for Sale in Nandigaon Hyderabad,Nandigaon Hyderabad,4500000,2403,1873
Plot/Land for Sale in Pulumamidi Hyderabad,Pulumamidi Hyderabad,2600000,1503,1763
Plot/Land for Sale in Shankarpalle Rangareddy Hyderabad,Shankarpalle Rangareddy Hyderabad,11000000,5670,1940
Plot/Land for Sale in Chinna Mangalaram Hyderabad,Chinna Mangalaram Hyderabad,9500000,4500,2111
Plot/Land for Sale in Shamshabad Mamidipally Road Hyderabad,Shamshabad Mamidipally Road Hyderabad,10500000,2700,3889
Plot/Land for Sale in Kandwada Hyderabad,Kandwada Hyderabad,3600000,3600,1000
Plot/Land for Sale in Burgul Hyderabad,Burgul Hyderabad,1300000,1323,1020
Plot/Land for Sale in Sangareddy Hyderabad,Sangareddy Hyderabad,2500000,1323,1890
"Plot/Land for Sale in JB's Nature Valley, Choutuppal Gundrampalli Hyderabad",JB's Nature Valley,3600000,2700,1333
Plot/Land for Sale in RCI Road Hyderabad,RCI Road Hyderabad,12800000,3600,3556
Plot/Land for Sale in Shankarpalli Road Hyderabad,Shankarpalli Road Hyderabad,24700000,1350,18333
"Plot/Land for Sale in Moinabad, Chevella Road Hyderabad",Moinabad,17000000,1722,9900
Plot/Land for Sale in Kalvakurti Road Hyderabad,Kalvakurti Road Hyderabad,1400000,1080,1333
Plot/Land for Sale in Shankarpalli Road Hyderabad,Shankarpalli Road Hyderabad,4200000,1500,2800
Plot/Land for Sale in P Anantharam Hyderabad,P Anantharam Hyderabad,3200000,1800,1778
Plot/Land for Sale in Qutubullapur Hyderabad,Qutubullapur Hyderabad,35000000,2400,14583
Plot/Land for Sale in Kadthal Hyderabad,Kadthal Hyderabad,1800000,1350,1333
Plot/Land for Sale in Manneguda Hyderabad,Manneguda Hyderabad,5500000,1980,2778
Plot/Land for Sale in Bibinagar Hyderabad,Bibinagar Hyderabad,2400000,1800,1333
Plot/Land for Sale in Kandukur Hyderabad,Kandukur Hyderabad,3600000,1350,2667
Plot/Land for Sale in Shamshabad Hyderabad,Shamshabad Hyderabad,7200000,2250,3222
Plot/Land for Sale in Adibatla Hyderabad,Adibatla Hyderabad,5900000,1647,3582
Plot/Land for Sale in Tarur Hyderabad,Tarur Hyderabad,9000000,2394,3759
"Plot/Land for Sale in Peerzadiguda, NH 2 2 Hyderabad",Peerzadiguda,8400000,1503,5589
Plot/Land for Sale in Lalgadi Malakpet Hyderabad,Lalgadi Malakpet Hyderabad,35000000,10490,3335
Plot/Land for Sale in Shamshabad Hyderabad,Shamshabad Hyderabad,15000000,2034,7375
Plot/Land for Sale in Bachuguda Hyderabad,Bachuguda Hyderabad,4800000,1800,2667
Plot/Land for Sale in Thimmapur Jagdevpur Hyderabad,Thimmapur Jagdevpur Hyderabad,1500000,1350,1111
Plot/Land for Sale in Kadthal Hyderabad,Kadthal Hyderabad,10000000,6732,1485
Plot/Land for Sale in Bhuvanagiri Hyderabad,Bhuvanagiri Hyderabad,1700000,1647,1002
Plot/Land for Sale in Shadnagar Hyderabad,Shadnagar Hyderabad,1400000,1320,1061
Plot/Land for Sale in Ibrahimpatnam Hyderabad,Ibrahimpatnam Hyderabad,5000000,1800,2778
Plot/Land for Sale in Velmala Hyderabad,Velmala Hyderabad,18000000,3600,5000
Plot/Land for Sale in Turkapally Hyderabad,Turkapally Hyderabad,2600000,2160,1204
Plot/Land for Sale in Adibatla Hyderabad,Adibatla Hyderabad,3600000,1503,2395
Plot/Land for Sale in Dream City Bharat Future City Hyderabad,Dream City Bharat Future City Hyderabad,2600000,1323,1944
Plot/Land for Sale in Patancheruvu Hyderabad,Patancheruvu Hyderabad,3100000,2178,1444
Plot/Land for Sale in Mokila Hyderabad,Mokila Hyderabad,16000000,2403,6667
Plot/Land for Sale in Nadigada Tanda Hyderabad,Nadigada Tanda Hyderabad,40000000,2196,18215
"Plot/Land for Sale in Kollur, Outer Ring Road Hyderabad",Kollur,9000000,1998,4505
Plot/Land for Sale in Kadthal Hyderabad,Kadthal Hyderabad,2200000,1503,1444
Plot/Land for Sale in Maheshwaram Hyderabad,Maheshwaram Hyderabad,4000000,1800,2222
Plot/Land for Sale in Shadnagar Hyderabad,Shadnagar Hyderabad,2200000,1620,1333
Plot/Land for Sale in Vikarabad Road Hyderabad,Vikarabad Road Hyderabad,5000000,2160,2315
Plot/Land for Sale in Bhanur Hyderabad,Bhanur Hyderabad,24300000,8001,3037
"Plot/Land for Sale in Tukkuguda, Srisailam Highway Hyderabad",Tukkuguda,5800000,2160,2667
Plot/Land for Sale in Gudoor Hyderabad,Gudoor Hyderabad,4800000,2403,2000
Plot/Land for Sale in Mallapur Balapur Hyderabad,Mallapur Balapur Hyderabad,5400000,1620,3333
Plot/Land for Sale in TNGOS Colony Hyderabad,TNGOS Colony Hyderabad,25000000,1503,16633
Plot/Land for Sale in Shadnagar Hyderabad,Shadnagar Hyderabad,1500000,1350,1111
Plot/Land for Sale in Alwal Hyderabad,Alwal Hyderabad,12200000,1800,6790
Plot/Land for Sale in Upperpally Hyderabad,Upperpally Hyderabad,33900000,3213,10556
"Plot/Land for Sale in Moinabad, Chevella Road Hyderabad",Moinabad,5400000,3600,1500
Plot/Land for Sale in Bachupally Hyderabad,Bachupally Hyderabad,10100000,5670,1778
"Plot/Land for Sale in Dundigal, Outer Ring Road Hyderabad",Dundigal,6600000,1800,3667
Plot/Land for Sale in Maheshwaram Hyderabad,Maheshwaram Hyderabad,4000000,2250,1778
Plot/Land for Sale in Kadthal Hyderabad,Kadthal Hyderabad,9000000,4788,1880
"Plot/Land for Sale in Ghatkesar, NH 2 2 Hyderabad",Ghatkesar,3800000,1503,2556
Plot/Land for Sale in Ibrahimpatnam Road Hyderabad,Ibrahimpatnam Road Hyderabad,1600000,1485,1057
Plot/Land for Sale in Bibinagar Hyderabad,Bibinagar Hyderabad,3300000,1494,2236
"Plot/Land for Sale in Patancheru Industrial Area, Outer Ring Road Hyderabad",Patancheru Industrial Area,17500000,2200,7955
Plot/Land for Sale in Almasguda Hyderabad,Almasguda Hyderabad,9900000,2349,4222
Plot/Land for Sale in Sangareddy Hyderabad,Sangareddy Hyderabad,4200000,1647,2550
Plot/Land for Sale in Maheshwaram Hyderabad,Maheshwaram Hyderabad,4800000,1800,2667
Plot/Land for Sale in Alwal Hyderabad,Alwal Hyderabad,12000000,1800,6667
"Plot/Land for Sale in Vanasthalipuram, NH 9 Hyderabad",Vanasthalipuram,8400000,1800,4689
Plot/Land for Sale in Kompally Hyderabad,Kompally Hyderabad,33500000,3870,8667
Plot/Land for Sale in Medchal Hyderabad,Medchal Hyderabad,5000000,2394,2089
"Plot/Land for Sale in Hayat Nagar, Rajendra Nagar, Outer Ring Road Hyderabad",Hayat Nagar,2000000,1944,1029
Plot/Land for Sale in Maheshwaram Hyderabad,Maheshwaram Hyderabad,1800000,1503,1224
Plot/Land for Sale in Shamirpet Hyderabad,Shamirpet Hyderabad,3000000,1116,2688
Plot/Land for Sale in Sadashivpet Hyderabad,Sadashivpet Hyderabad,8200000,2475,3313
Plot/Land for Sale in Kongara Kalan Hyderabad,Kongara Kalan Hyderabad,11000000,3150,3492
"Plot/Land for Sale in Isnapur, Outer Ring Road Hyderabad",Isnapur,3000000,2178,1377
Plot/Land for Sale in Yacharam Hyderabad,Yacharam Hyderabad,2600000,1323,1944
Plot/Land for Sale in Gayatri Enclave Hyderabad,Gayatri Enclave Hyderabad,11500000,1638,7021
Plot/Land for Sale in Bibinagar Hyderabad,Bibinagar Hyderabad,1000000,900,1111
Plot/Land for Sale in Warasiguda Hyderabad,Warasiguda Hyderabad,12000000,1224,9804
"Plot/Land for Sale in Injapur, Neeladri Nagar, Ibrahimpatnam Road Hyderabad",Injapur,4000000,1377,2905
Plot/Land for Sale in Shamshabad Hyderabad,Shamshabad Hyderabad,7600000,1800,4222
Plot/Land for Sale in Diamond Point Hyderabad,Diamond Point Hyderabad,37500000,2106,17806
"Plot/Land for Sale in Abdullapurmet, Outer Ring Road Hyderabad",Abdullapurmet,3000000,1440,2083
Plot/Land for Sale in Alwal Hyderabad,Alwal Hyderabad,10000000,1080,9259
"Plot/Land for Sale in Moinabad, Chevella Road Hyderabad",Moinabad,15000000,9000,1667
"Plot/Land for Sale in Maheswaram Lines, Chandrayangutta, Srisailam Highway Hyderabad",Maheswaram Lines,4700000,2997,1568
"Plot/Land for Sale in Moinabad, Chevella Road Hyderabad",Moinabad,5000000,1350,3704
Plot/Land for Sale in Shadnagar Hyderabad,Shadnagar Hyderabad,1600000,1485,1077
Plot/Land for Sale in janachaitanya sai anurag colony bachupally Hyderabad,janachaitanya sai anurag colony bachupally Hyderabad,10200000,1440,7111
"Plot/Land for Sale in Midhani huda colony, opp to word and deed school Hyderabad",Midhani huda colony,15000000,2403,6242
Plot/Land for Sale in Ankushapur Hyderabad,Ankushapur Hyderabad,3200000,1800,1778
Plot/Land for Sale in Chevella Hyderabad,Chevella Hyderabad,11000000,10890,1010
Plot/Land for Sale in Maheshwaram Hyderabad,Maheshwaram Hyderabad,18000000,5400,3333
Plot/Land for Sale in Chilkur Pragati Yenkapalli Road Hyderabad,Chilkur Pragati Yenkapalli Road Hyderabad,15600000,5625,2778
Plot/Land for Sale in Taramatipet Hyderabad,Taramatipet Hyderabad,3800000,1674,2270
Plot/Land for Sale in Bhuvanagiri Hyderabad,Bhuvanagiri Hyderabad,3000000,1500,2000
Plot/Land for Sale in Bhuvanagiri Hyderabad,Bhuvanagiri Hyderabad,3000000,1800,1667
Plot/Land for Sale in Tupran Hyderabad,Tupran Hyderabad,2800000,1503,1863
"Plot/Land for Sale in Ghatkesar, NH 2 2 Hyderabad",Ghatkesar,25200000,1800,14000
Plot/Land for Sale in Adibatla Hyderabad,Adibatla Hyderabad,4500000,1719,2618
Plot/Land for Sale in Kandukur Hyderabad,Kandukur Hyderabad,5900000,1980,3000
"Plot/Land for Sale in Gandi Maisamma, Outer Ring Road Hyderabad",Gandi Maisamma,65000000,7560,8598
"Plot/Land for Sale in Boduppal, NH 2 2 Hyderabad",Boduppal,14000000,1800,7778
Plot/Land for Sale in Tupran Hyderabad,Tupran Hyderabad,12000000,3600,3333
"Plot/Land for Sale in Ghatkesar, NH 2 2 Hyderabad",Ghatkesar,3200000,1800,1778
Plot/Land for Sale in Kompally Hyderabad,Kompally Hyderabad,31200000,4320,7222
Plot/Land for Sale in Bachupally Hyderabad,Bachupally Hyderabad,20000000,2250,8889
"Plot/Land for Sale in Moinabad, Chevella Road Hyderabad",Moinabad,12000000,7623,1574
"Plot/Land for Sale in Dundigal, Outer Ring Road Hyderabad",Dundigal,9500000,3024,3142
Plot/Land for Sale in Kompally Hyderabad,Kompally Hyderabad,26800000,2412,11111
Plot/Land for Sale in Shadnagar Hyderabad,Shadnagar Hyderabad,1900000,1323,1444
Plot/Land for Sale in Patancheruvu Hyderabad,Patancheruvu Hyderabad,53400000,20034,2667
Plot/Land for Sale in Medchal Hyderabad,Medchal Hyderabad,13000000,9783,1333
Plot/Land for Sale in Parvathapur Hyderabad,Parvathapur Hyderabad,15000000,1800,8333
Plot/Land for Sale in Yadagirigutta Hyderabad,Yadagirigutta Hyderabad,4500000,2700,1667
Plot/Land for Sale in Rangareddy Hyderabad,Rangareddy Hyderabad,33300000,10800,3083
Plot/Land for Sale in Ibrahimpatnam Hyderabad,Ibrahimpatnam Hyderabad,3500000,1836,1906
"Plot/Land for Sale in Moinabad, Chevella Road Hyderabad",Moinabad,4000000,2250,1778
Plot/Land for Sale in Mansanpally Hyderabad,Mansanpally Hyderabad,4800000,1647,2889
"Plot/Land for Sale in Farook Nagar, Vattepally Hyderabad",Farook Nagar,4200000,3780,1111
Plot/Land for Sale in Rajendranagar Mandal Hyderabad,Rajendranagar Mandal Hyderabad,19800000,1980,10000
Plot/Land for Sale in Kawadipally Hyderabad,Kawadipally Hyderabad,12000000,3600,3333
Plot/Land for Sale in Raikal Hyderabad,Raikal Hyderabad,3000000,1809,1658
Plot/Land for Sale in Shamirpet Hyderabad,Shamirpet Hyderabad,3400000,2160,1556
"Plot/Land for Sale in Chilkur Balaji Temple Road, Chevella Road Hyderabad",Chilkur Balaji Temple Road,15000000,4500,3333
Plot/Land for Sale in Farooqnagar Hyderabad,Farooqnagar Hyderabad,3500000,2880,1215
"Plot/Land for Sale in Moinabad, Chevella Road Hyderabad",Moinabad,12000000,4356,2755
Plot/Land for Sale in Adibatla Hyderabad,Adibatla Hyderabad,13900000,4185,3333
Plot/Land for Sale in Teachers Colony Anantharam Rural Hyderabad,Teachers Colony Anantharam Rural Hyderabad,3500000,1800,1944
Plot/Land for Sale in Jbs Europhoria city Hyderabad,Jbs Europhoria city Hyderabad,5800000,1800,3222
Plot/Land for Sale in Bhuvanagiri Hyderabad,Bhuvanagiri Hyderabad,3500000,2070,1700
"Plot/Land for Sale in Isnapur, Outer Ring Road Hyderabad",Isnapur,16000000,5400,2963
Plot/Land for Sale in Kadthal Hyderabad,Kadthal Hyderabad,6000000,2700,2222
Plot/Land for Sale in Maheshwaram Hyderabad,Maheshwaram Hyderabad,21600000,1200,18000
Plot/Land for Sale in Shadnagar Hyderabad,Shadnagar Hyderabad,1400000,1323,1058
Plot/Land for Sale in Bibinagar Hyderabad,Bibinagar Hyderabad,1900000,1800,1056
Plot/Land for Sale in Shamirpet Hyderabad,Shamirpet Hyderabad,6400000,1800,3556
"Plot/Land for Sale in Muppas Panchavati Colony, Manikonda, Outer Ring Road Hyderabad",Muppas Panchavati Colony,40000000,2475,16162
Plot/Land for Sale in ECIL Hyderabad,ECIL Hyderabad,3000000,1000,3000
"Plot/Land for Sale in Sai Priya Colony, Secunderabad Hyderabad",Sai Priya Colony,7600000,1503,5057
"Plot/Land for Sale in Moinabad, Chevella Road Hyderabad",Moinabad,18500000,5679,3258
Plot/Land for Sale in Athvelly Hyderabad,Athvelly Hyderabad,3000000,1197,2506
Plot/Land for Sale in kassavi e city Hyderabad,kassavi e city Hyderabad,4900000,1800,2722
Plot/Land for Sale in Shadnagar Hyderabad,Shadnagar Hyderabad,1800000,1350,1300
Plot/Land for Sale in Farooqnagar Hyderabad,Farooqnagar Hyderabad,8000000,2700,2963
"Plot/Land for Sale in Vanasthalipuram, Hyderabad Hyderabad",Vanasthalipuram,3800000,1400,2714
"Plot/Land for Sale in Aushapur, NH 2 2 Hyderabad",Aushapur,8000000,3600,2222
Plot/Land for Sale in Shadnagar Road Hyderabad,Shadnagar Road Hyderabad,1600000,1314,1218
Plot/Land for Sale in Nagole Hyderabad,Nagole Hyderabad,12800000,2556,5000
Plot/Land for Sale in Raigiri Hyderabad,Raigiri Hyderabad,5000000,2700,1852
Plot/Land for Sale in Reddipally Rangareddy Hyderabad,Reddipally Rangareddy Hyderabad,46500000,26136,1778
Plot/Land for Sale in Kompally Hyderabad,Kompally Hyderabad,21500000,2403,8947
Plot/Land for Sale in Tupran Hyderabad,Tupran Hyderabad,3000000,1350,2222
"Plot/Land for Sale in Mangalpalle, Outer Ring Road Hyderabad",Mangalpalle,20000000,4500,4444
Plot/Land for Sale in Shadnagar Hyderabad,Shadnagar Hyderabad,6800000,1800,3778
Plot/Land for Sale in Shadnagar Hyderabad,Shadnagar Hyderabad,2500000,1350,1852
Plot/Land for Sale in Shamirpet Hyderabad,Shamirpet Hyderabad,13000000,1000,13000
Plot/Land for Sale in Kongar Khurd A Hyderabad,Kongar Khurd A Hyderabad,4500000,1350,3333
Plot/Land for Sale in Shadnagar Hyderabad,Shadnagar Hyderabad,2700000,1323,2055
Plot/Land for Sale in Indiranagar Colony Aushapur Hyderabad,Indiranagar Colony Aushapur Hyderabad,6000000,3006,2000
"Plot/Land for Sale in TMR Enclave, Meerpet Hyderabad",TMR Enclave,1800000,1350,1333
Plot/Land for Sale in cheriyal village Hyderabad,cheriyal village Hyderabad,11600000,3150,3667
Plot/Land for Sale in Sangareddy Hyderabad,Sangareddy Hyderabad,2200000,1323,1667
Plot/Land for Sale in CHATTANPALLY Hyderabad,CHATTANPALLY Hyderabad,4300000,1620,2667
Plot/Land for Sale in Sangareddy Hyderabad,Sangareddy Hyderabad,10000000,2205,4535
Plot/Land for Sale in Shadnagar Hyderabad,Shadnagar Hyderabad,3600000,1323,2721
Plot/Land for Sale in Bibinagar Hyderabad,Bibinagar Hyderabad,3900000,1800,2139
Plot/Land for Sale in Chilkoor Hyderabad,Chilkoor Hyderabad,35000000,9000,3889
Plot/Land for Sale in Medchal Pudur Shamirpet Road Hyderabad,Medchal Pudur Shamirpet Road Hyderabad,3700000,1647,2222
"Plot/Land for Sale in Tukkuguda, Srisailam Highway Hyderabad",Tukkuguda,9200000,1800,5111
Plot/Land for Sale in Nandigaon Hyderabad,Nandigaon Hyderabad,8200000,1503,5456
"Plot/Land for Sale in Turkapalli, Secunderabad, Medchal Road Hyderabad",Turkapalli,2500000,1782,1403
Plot/Land for Sale in Kamma Guda Hyderabad,Kamma Guda Hyderabad,7500000,1908,3931
Plot/Land for Sale in Edulabad Hyderabad,Edulabad Hyderabad,3100000,1800,1722
Plot/Land for Sale in Padmashali Society Hyderabad,Padmashali Society Hyderabad,17000000,1440,11806
Plot/Land for Sale in Sangareddy Hyderabad,Sangareddy Hyderabad,4500000,2052,2193
